week,parkingHours,engineHours,mileage,avgSpeed,maxSpeed,consumed,avgConsumed,ahorro_BBB850,ahorro_BBC929
w 17,359.13,221.73,10036.0,16.8,82.16,1319.43,7.4228,6.17,17.14
w 18,443.16,215.12,9596.0,14.285714285714286,78.07142857142857,1256.66,8.430714285714286,3.269999999999998,13.379999999999997
w 19,365.91,284.9,12789.0,19.107142857142858,85.46428571428571,1634.96,8.435,19.29000000000001,14.04
w 20,433.46999999999997,219.62,9984.0,14.821428571428571,71.96428571428571,1258.3,7.096785714285715,6.920000000000002,19.679999999999996
w 21,379.67,271.83,11910.0,17.785714285714285,76.53571428571429,1568.27,7.385,7.139999999999999,19.339999999999982
w 22,291.09000000000003,150.33,6656.0,15.05,73.05,838.6899999999999,7.352500000000001,3.5299999999999976,2.499999999999998
