week,parkingHours,engineHours,mileage,avgSpeed,maxSpeed,consumed,avgConsumed
w 17,302.88,192.18,8594.0,16.772727272727273,82.13636363636364,1147.34,7.302272727272728
w 18,443.16,215.12,9596.0,14.285714285714286,78.07142857142857,1256.66,8.430714285714286
w 19,365.91,284.9,12789.0,19.107142857142858,85.46428571428571,1634.96,8.435
w 20,433.46999999999997,219.62,9984.0,14.821428571428571,71.96428571428571,1258.3,7.096785714285715
w 21,379.67,271.83,11910.0,17.785714285714285,76.53571428571429,1568.27,7.385